{"cameraMode":{"drawMode":0,"name":"Shaded","section":"Shading Mode"},"sceneLighting":true,"audioPlay":false,"sceneViewState":{"m_AlwaysRefresh":false,"showFog":true,"showSkybox":true,"showFlares":true,"showImageEffects":true,"showParticleSystems":true,"showVisualEffectGraphs":true,"m_FxEnabled":true},"in2DMode":false,"pivot":{"x":112.0241928100586,"y":689.2610473632813,"z":41.47991943359375},"rotation":{"x":0.04948028549551964,"y":0.0029964600689709188,"z":-0.00014793426089454442,"w":0.9987747669219971},"size":778.7815551757813,"orthographic":false}